Date,Open,High,Low,Close,Volume,Dividends,Stock Splits
2021-01-01,485.3182325372779,489.2500417003434,481.48115369739264,488.0657653808594,10377082,0.0,0.0
2021-01-04,489.81847874700014,493.13448187174697,484.70239330418616,489.9132385253906,13489114,0.0,0.0
2021-01-05,486.9762268066406,489.7237596920977,484.2286939211836,486.9762268066406,10689423,0.0,0.0
2021-01-06,487.9236091217884,503.7929696961602,486.1234974493379,497.6820983886719,30837593,0.0,0.0
2021-01-07,504.02989334643127,525.2995611256854,499.38745941905285,516.583251953125,39444841,0.0,0.0
2021-01-08,520.4202848730529,520.8466302313046,509.05117350615825,511.84613037109375,14538362,0.0,0.0
2021-01-11,513.0303311592168,525.2047669890425,513.0303311592168,518.38330078125,19892197,0.0,0.0
2021-01-12,520.1361000989899,539.0845799947272,516.3463569903287,536.0054321289062,25857074,0.0,0.0
2021-01-13,557.0856514969854,570.0653555129238,537.1897501000664,547.8482666015625,85239439,0.0,0.0
2021-01-14,552.0643425845585,554.0539152176398,540.0794237959536,550.0274047851562,16974338,0.0,0.0
2021-01-15,577.5026717605421,578.5448821457502,562.5807593253976,570.9654541015625,57451072,0.0,0.0
2021-01-18,570.96542793524,571.2970429931497,553.2959832170197,556.0908813476562,21359539,0.0,0.0
2021-01-19,560.0225444355182,566.0386848274346,555.6644200754668,561.1594848632812,11034273,0.0,0.0
2021-01-20,561.1595404046292,570.8232698936204,558.0330275586844,564.80712890625,13333007,0.0,0.0
2021-01-21,568.6916078422114,572.2918315945343,544.2006957702876,550.7852783203125,17380638,0.0,0.0
2021-01-22,553.2012248443149,554.7645109817613,542.6374377725558,546.5219116210938,12662954,0.0,0.0
2021-01-25,548.5588414640448,556.9435951140485,539.6057058259768,550.2168579101562,12503932,0.0,0.0
2021-01-27,549.5062262248904,551.1642425612439,532.7842030213201,540.7899169921875,15567653,0.0,0.0
2021-01-28,536.7161006569705,545.5745063500457,533.1632417814329,540.884765625,15201598,0.0,0.0
2021-01-29,548.0851192035138,548.0851192035138,521.6519993442371,524.4942626953125,25521965,0.0,0.0
2021-02-01,529.610294039554,550.5484046137518,520.3255444828796,548.700927734375,14212955,0.0,0.0
2021-02-02,554.148568663243,573.8076431704858,548.7956575807787,567.8388671875,21711996,0.0,0.0
2021-02-03,577.3605532549526,589.7718168440043,567.9336484692435,576.8394775390625,30641248,0.0,0.0
2021-02-04,582.5712754908469,590.2454323249136,564.3333927246892,569.0231323242188,51976676,0.0,0.0
2021-02-05,572.0548932246886,574.0445244818288,545.9533912915311,550.5484008789062,35465208,0.0,0.0
2021-02-08,558.0331095428868,571.912870386865,553.9591751041146,565.896728515625,21646080,0.0,0.0
2021-02-09,567.4125347415173,575.7972875337388,563.7175809019217,567.4598999023438,20927436,0.0,0.0
2021-02-10,573.1445327863684,575.7973354849188,549.7431368828137,559.1699829101562,31642664,0.0,0.0
2021-02-11,560.8752868936303,571.8180523273207,558.0330239292172,566.6546020507812,19253595,0.0,0.0
2021-02-12,566.4178056449708,566.4178056449708,553.8644461392962,555.4276733398438,15905053,0.0,0.0
2021-02-15,560.9701020095324,571.2970630355825,558.9805294160656,562.4860229492188,17972742,0.0,0.0
2021-02-16,563.7176256355483,569.9706521273284,561.8227834045595,562.7228393554688,15064854,0.0,0.0
2021-02-17,565.5650451345168,567.3177916933428,559.0278283206329,562.6280517578125,16436661,0.0,0.0
2021-02-18,565.6123859695668,566.5598069478809,554.4327948607058,558.0803833007812,22193564,0.0,0.0
2021-02-19,558.980512090859,564.6650387028031,545.2428472000983,550.7852783203125,19465126,0.0,0.0
2021-02-22,551.4011443178206,554.1486183892738,538.1371899529686,540.3162231445312,20227667,0.0,0.0
2021-02-23,544.7690518806041,546.6638937897397,534.3473624684724,535.81591796875,23764401,0.0,0.0
2021-02-24,538.231894490143,543.9164208404493,535.4843616384496,542.826904296875,8888950,0.0,0.0
2021-02-25,549.4114640431175,553.7222827029236,546.7112964637374,548.700927734375,16230241,0.0,0.0
2021-02-26,544.2954058921566,555.1434419103222,522.7414882541738,527.0523071289062,198547005,0.0,0.0
2021-03-01,528.662906690261,529.7050580957989,493.60820890927397,504.2193603515625,55091122,0.0,0.0
2021-03-02,512.0829247521767,515.3988981814111,501.04542909940363,512.7461547851562,30622757,0.0,0.0
2021-03-03,519.899251588209,521.7940938185565,511.6092873744908,517.5780639648438,24669015,0.0,0.0
2021-03-04,511.60926585704067,517.2937923090011,509.7144237063872,511.23028564453125,17678275,0.0,0.0
2021-03-05,506.8721730438153,510.1881468896491,496.82946226691666,504.7878112792969,16658703,0.0,0.0
2021-03-08,503.08245120613594,507.298480673246,497.16104032333516,498.06109619140625,15293359,0.0,0.0
2021-03-09,502.22976787385295,504.0298796364309,487.26043293028135,494.3187255859375,20181762,0.0,0.0
2021-03-10,492.8502455034668,502.60867609332337,489.2026569122273,498.20318603515625,19013738,0.0,0.0
2021-03-12,502.65612342112536,504.740426191473,494.12927495653116,496.6399230957031,11624491,0.0,0.0
2021-03-15,500.05067140433937,500.05067140433937,489.25003038217903,495.3609313964844,10875944,0.0,0.0
2021-03-16,496.45044672659185,505.6878312387687,496.45044672659185,501.4718017578125,13252045,0.0,0.0
2021-03-17,500.9980905375609,503.08245215086265,491.7133408780598,495.4082946777344,8482758,0.0,0.0
2021-03-18,501.9928868764215,504.21934401567825,488.2552522066491,499.48223876953125,12465338,0.0,0.0
2021-03-19,500.24013903414425,506.6352605566945,497.87158641688336,502.0876159667969,49597558,0.0,0.0
2021-03-22,505.0246721660667,505.9247280586308,495.50303755187167,500.2401428222656,13581706,0.0,0.0
2021-03-23,501.85078383348315,504.4561622236744,494.69770199884147,501.4244384765625,15239339,0.0,0.0
2021-03-24,500.2401654117137,505.40367519269444,494.08192828211276,496.1188659667969,10801499,0.0,0.0
2021-03-25,495.88201982271625,496.1188456312768,473.2859215473503,481.0548095703125,17572322,0.0,0.0
2021-03-26,485.1761071845143,497.3031497064349,483.7549756023404,495.0293273925781,11148490,0.0,0.0
2021-03-30,500.0506854239065,500.14541574755117,489.1079191575229,494.0819091796875,10691124,0.0,0.0
2021-03-31,494.887221963234,498.2505607489372,489.1079065156807,490.10272216796875,7712521,0.0,0.0
2021-04-01,492.61340607691534,496.35575478749723,487.49732032932087,493.4187316894531,7111516,0.0,0.0
2021-04-05,493.4186981662933,501.187556587952,487.54465236929116,500.4770202636719,9376649,0.0,0.0
2021-04-06,500.7138670087062,509.57233069146065,496.97154785181584,504.2193603515625,13115141,0.0,0.0
2021-04-07,508.76693643804487,518.1464156458433,507.10892031599207,513.1250610351562,21391503,0.0,0.0
2021-04-08,518.0517617999407,519.7097781667246,512.0829853561709,514.4515380859375,11367448,0.0,0.0
2021-04-09,511.1355513562881,520.8466467590391,508.2932881523454,516.583251953125,11641539,0.0,0.0
2021-04-12,509.2880692224044,510.5197401630575,491.2396450395315,494.9819641113281,9869735,0.0,0.0
2021-04-13,498.72425514839006,511.60922794759233,495.5977422667241,507.9616394042969,6657701,0.0,0.0
2021-04-15,511.6092752750116,517.4359562338573,502.3718901645824,510.99346923828125,9989813,0.0,0.0
2021-04-16,511.65659416665534,515.541067425224,509.71438699331577,512.31982421875,6273393,0.0,0.0
2021-04-19,504.26667168706734,506.8721088346921,495.73988287792986,498.7716064453125,7368743,0.0,0.0
2021-04-20,501.1875832697574,508.76701090756546,498.25058967084493,502.32452392578125,7369109,0.0,0.0
2021-04-22,502.13498205226875,505.3562254000515,498.39266301891865,502.9403076171875,6675147,0.0,0.0
2021-04-23,501.1875604420113,504.4561689473746,491.8080802885247,495.1240539550781,7123670,0.0,0.0
2021-04-26,495.266226408766,500.71386817507346,495.266226408766,499.8138122558594,5929161,0.0,0.0
2021-04-27,499.7190713905527,510.235492309925,498.58218968073066,506.20892333984375,9875033,0.0,0.0
2021-04-28,507.77224346474645,519.1887210518012,507.4406283971341,515.6832275390625,12195400,0.0,0.0
2021-04-29,520.7992443060805,521.083494170879,510.7565345750556,512.41455078125,8846896,0.0,0.0
2021-04-30,505.4509711273272,518.2411541831542,505.4509711273272,508.5300598144531,8331737,0.0,0.0
2021-05-03,502.1349686616434,532.9262697453748,501.23491279824043,529.4682006835938,14556346,0.0,0.0
2021-05-04,536.1949086642288,536.1949086642288,517.9570234708485,523.4047241210938,14196229,0.0,0.0
2021-05-05,527.6208083186872,535.2475428874918,524.8732751283587,530.5104370117188,12095639,0.0,0.0
2021-05-06,530.5103557924668,534.7263852676357,523.546793547607,529.3734741210938,9169742,0.0,0.0
2021-05-07,531.694703251732,542.7795655208238,527.6207689378793,538.6109008789062,12894499,0.0,0.0
2021-05-10,541.9268003318592,546.6639052036047,539.1792677238693,542.4478759765625,8365615,0.0,0.0
2021-05-11,535.7686413119375,544.6270463739676,534.3948748097031,538.5161743164062,8033470,0.0,0.0
2021-05-12,538.1371704169677,539.2266869731964,528.8524203722044,532.2157592773438,6815070,0.0,0.0
2021-05-14,534.3474105036407,539.4161307397969,526.9101376681441,530.9367065429688,7697716,0.0,0.0
2021-05-17,534.2999736702844,534.2999736702844,517.1042428674338,520.7518310546875,13677009,0.0,0.0
2021-05-18,518.7149422900025,523.8310869722051,506.44583303887515,508.1512145996094,34968901,0.0,0.0
2021-05-19,509.6197075330059,512.1303557787726,498.5348452967281,500.4296875,19583966,0.0,0.0
2021-05-20,503.0824653138596,503.0824653138596,492.6607747984524,493.2765808105469,14036583,0.0,0.0
2021-05-21,495.7399457993862,505.2615219535872,494.5556399696338,503.0350646972656,10492773,0.0,0.0
2021-05-24,503.0824753412565,504.9773174887543,498.3453110606184,499.103271484375,6386039,0.0,0.0
2021-05-25,502.0402565431222,502.8929472774593,496.92417104899204,498.4400329589844,9412913,0.0,0.0
2021-05-26,501.18757905328505,502.89296056702614,497.3978947222108,498.1084899902344,6908901,0.0,0.0
2021-05-27,498.44006057983916,499.2927513614278,491.4291325817377,492.4713134765625,22783169,0.0,0.0
2021-05-28,494.79246652636164,500.7138778601642,493.0397492728956,496.0715026855469,10248988,0.0,0.0
2021-05-31,497.8716363912104,507.81961729413575,497.4926561520298,506.7774658203125,12803471,0.0,0.0
2021-06-01,509.19332605179477,510.0933819257378,502.41922441695476,504.88250732421875,8435896,0.0,0.0
2021-06-02,502.0402656127083,506.4931800116272,500.2401537881196,501.6612854003906,10567595,0.0,0.0
2021-06-03,502.1349434515326,505.3561865516879,500.71381198780705,504.07720947265625,6290021,0.0,0.0
2021-06-04,505.87735996590123,507.63004766746667,503.2719226263351,504.69305419921875,4878809,0.0,0.0
2021-06-07,505.92472319317176,512.5566705079441,504.9773021482043,508.24591064453125,9674473,0.0,0.0
2021-06-08,509.80915902921856,519.1886984611738,505.92474436467865,518.0517578125,12822963,0.0,0.0
2021-06-09,520.9887020437344,522.504622765043,507.20367354762567,511.6092224121094,12674395,0.0,0.0
2021-06-10,515.3042195910762,519.0465387280478,511.9408806664358,516.488525390625,7018193,0.0,0.0
2021-06-11,516.8200407583473,520.8466094648987,511.65659041638014,512.41455078125,7777365,0.0,0.0
2021-06-14,512.4146008774323,512.4146008774323,501.4718342352639,510.99346923828125,5714387,0.0,0.0
2021-06-15,512.556712554251,515.0674197676988,510.0934294176447,513.9778442382812,7264778,0.0,0.0
2021-06-16,515.2094306531944,515.2094306531944,506.77737226364223,508.5300598144531,10045600,0.0,0.0
2021-06-17,511.1355855324684,512.793601968242,499.3401276443409,500.8560485839844,10214732,0.0,0.0
2021-06-18,503.4613345336453,513.4093134927076,491.71330288603167,510.4248962402344,15000348,0.0,0.0
2021-06-21,506.872160480407,513.4093776825403,504.9773183297535,511.23028564453125,5742834,0.0,0.0
2021-06-22,519.2360749966894,520.1361309379757,507.3458871036517,508.1985778808594,9114558,0.0,0.0
2021-06-23,509.7144875764132,510.85136944450534,504.6931316832205,505.97216796875,4767421,0.0,0.0
2021-06-24,506.8721866286944,507.29853202577493,499.6717389552428,500.9507751464844,6419922,0.0,0.0
2021-06-25,503.36669509447904,507.72487941240286,501.5192180038563,506.9669189453125,5504204,0.0,0.0
2021-06-28,508.7669771475048,508.7669771475048,502.5613163942447,503.27191162109375,5265796,0.0,0.0
2021-06-29,503.31930123265494,504.26672230655237,496.45046899095183,497.35052490234375,8713975,0.0,0.0
2021-06-30,499.2927079361406,502.51395121314795,496.7820598859527,498.013671875,5760552,0.0,0.0
2021-07-01,501.1875585392307,503.082459539102,494.55561123130235,495.1714172363281,6575188,0.0,0.0
2021-07-02,497.9663290434035,504.9773156579999,492.6607828320233,497.39788818359375,13309063,0.0,0.0
2021-07-05,500.240156169663,500.71386670934197,495.7873006614387,496.4031066894531,6373586,0.0,0.0
2021-07-06,495.97674999126025,499.9559537808693,493.70292767032544,498.4400329589844,10494366,0.0,0.0
2021-07-07,495.6925074445622,502.7034940697988,495.6925074445622,501.7560729980469,6669192,0.0,0.0
2021-07-08,502.13495349935937,504.78775584948517,496.02408219187106,497.6820983886719,5400962,0.0,0.0
2021-07-09,497.8715906868578,509.2407022591086,495.50303804928313,508.056396484375,7303645,0.0,0.0
2021-07-12,510.61444472488824,510.61444472488824,500.85598475113665,501.80340576171875,8932790,0.0,0.0
2021-07-13,505.4984079369015,507.3458849758045,500.42968737088836,502.18243408203125,8138019,0.0,0.0
2021-07-14,501.18758890486436,503.461411330583,498.961190554921,502.18243408203125,6666859,0.0,0.0
2021-07-15,504.50359011775873,504.50359011775873,497.3978733898498,497.82421875,6886797,0.0,0.0
2021-07-16,499.2927418121838,514.8305184171074,498.2979555566548,512.6987915039062,11251138,0.0,0.0
2021-07-19,510.66185329681974,516.062188863367,501.47183336577376,510.1407775878906,9130551,0.0,0.0
2021-07-20,508.24593092299443,508.5774870636375,495.50305255667377,498.1084899902344,7646460,0.0,0.0
2021-07-22,503.1772150931076,519.188702233706,496.1188631583595,517.95703125,20220601,0.0,0.0
2021-07-23,518.9043985418841,531.1735652078161,504.74038988941095,519.4728393554688,33200836,0.0,0.0
2021-07-26,516.346406071132,524.7311597389479,513.598872984932,515.4463500976562,5214592,0.0,0.0
2021-07-27,517.1042998540797,517.1042998540797,507.961645801172,512.1303100585938,5835018,0.0,0.0
2021-07-28,511.1355884557032,540.6952221812443,509.57236125364005,538.0424194335938,32532037,0.0,0.0
2021-07-29,543.9163687254381,546.3797103707282,535.2948497025843,537.331787109375,15844335,0.0,0.0
2021-07-30,536.1475428322648,538.6108847596049,528.4734438983423,532.1210327148438,10125413,0.0,0.0
2021-08-02,536.2423373148694,539.9846564932078,530.55775189085,535.43701171875,6372299,0.0,0.0
2021-08-03,538.1371674168586,551.4011212262427,532.5473713562516,549.6957397460938,21680353,0.0,0.0
2021-08-04,544.7691244598465,556.0435060155452,540.3162100329872,544.20068359375,21816567,0.0,0.0
2021-08-05,547.1376039757744,586.4557503050663,547.1376039757744,567.2230224609375,72423461,0.0,0.0
2021-08-06,563.2438792553801,584.5136056604532,557.5593529239505,575.9393920898438,29055626,0.0,0.0
2021-08-09,577.9288839700127,580.4869558097399,566.1334875851849,567.7440795898438,10078649,0.0,0.0
2021-08-10,570.5390684230517,594.9826146259046,566.9388447745902,589.487548828125,34514358,0.0,0.0
2021-08-11,589.4875343098709,596.1669057424174,581.4344553736056,588.2085571289062,18731287,0.0,0.0
2021-08-12,590.2454777621377,595.8826387467972,584.5609516174618,590.3875732421875,8430316,0.0,0.0
2021-08-13,590.3876001997178,605.2147811424242,585.6031297006755,603.5568237304688,21079044,0.0,0.0
2021-08-16,605.1673938633755,610.1413837412454,598.7722724363844,600.7145385742188,10506327,0.0,0.0
2021-08-17,600.7146117820889,604.4569312086994,590.2455550736845,593.41943359375,11311229,0.0,0.0
2021-08-18,592.9930793892864,600.6672377054481,588.2086085530008,590.1981811523438,7136872,0.0,0.0
2021-08-20,586.9295138372331,599.7197567851422,575.0866919290291,581.4344482421875,12770173,0.0,0.0
2021-08-23,585.8873104723612,597.3511523174774,575.655139558141,589.9138793945312,12790616,0.0,0.0
2021-08-24,594.9352590695719,594.9352590695719,584.6083574066655,587.4979858398438,5885050,0.0,0.0
2021-08-25,589.6297227494076,589.6297227494076,578.8764166105404,580.2501831054688,8127668,0.0,0.0
2021-08-26,577.9289291990756,579.35006069507,553.5801153086818,556.04345703125,26316897,0.0,0.0
2021-08-27,557.8436602522187,573.5708985182843,554.2908014732543,563.8598022460938,16444274,0.0,0.0
2021-08-30,564.665020914823,592.1403498308214,559.0752248067874,587.82958984375,40506274,0.0,0.0
2021-08-31,593.1351487322477,632.974376511243,592.14036247644,629.1372680664062,60781970,0.0,0.0
2021-09-01,632.8795681513478,637.9009228865848,619.6156155815833,631.3636474609375,30796359,0.0,0.0
2021-09-02,634.7271046581309,638.3272693568292,629.1372496821692,631.45849609375,18951106,0.0,0.0
2021-09-03,632.8795886697243,634.3954504973922,619.6156356699336,623.8316650390625,7920313,0.0,0.0
2021-09-06,629.4688315404746,630.7478675839429,619.047200378316,620.18408203125,10223448,0.0,0.0
2021-09-07,623.3580398198746,644.7224394551025,613.9311347145932,635.2955932617188,28185127,0.0,0.0
2021-09-08,642.3537910955341,647.848856431375,630.0372592484539,632.7374267578125,20876941,0.0,0.0
2021-09-09,632.7374899996408,652.0175857606828,631.9795884750104,650.0753784179688,19784500,0.0,0.0
2021-09-13,655.6177553897422,660.354860447562,649.791074930301,656.8494262695312,19704664,0.0,0.0
2021-09-14,658.4600499358877,662.9129642504721,652.8702539177755,657.7021484375,11694600,0.0,0.0
2021-09-15,660.3548885453959,696.309641179077,659.5496218896257,687.3565063476562,56796797,0.0,0.0
2021-09-16,696.3571129467446,698.2519551802774,677.7875530167097,680.8193359375,45001991,0.0,0.0
2021-09-17,683.093144328236,696.1202138713616,683.093144328236,689.8671875,26649321,0.0,0.0
2021-09-20,686.8827533420691,695.1253513307726,682.4298393265013,686.8353881835938,14330899,0.0,0.0
2021-09-21,684.8931845993769,701.8046670909863,684.0404939186104,688.4459838867188,14216876,0.0,0.0
2021-09-22,688.7775972774217,693.5621263277425,686.0300646067468,688.540771484375,16348622,0.0,0.0
2021-09-23,694.8411631289724,701.1889196944147,685.1774327927734,688.5881958007812,26497345,0.0,0.0
2021-09-24,690.7198719831936,713.4107307707692,689.7250857313256,700.5257568359375,72175065,0.0,0.0
2021-09-27,705.5703643584753,706.4390792063025,693.1674068260986,697.414306640625,11282248,0.0,0.0
2021-09-28,699.199866731194,701.5163410798086,662.1356880344796,671.9326171875,21944239,0.0,0.0
2021-09-29,672.7531193353859,677.5791818844202,665.1762246981606,669.9539794921875,16729859,0.0,0.0
2021-09-30,671.5948679150464,685.1078433616747,662.9079551279282,664.3557739257812,13911568,0.0,0.0
2021-10-01,663.4387818845371,663.4387818845371,644.424142948219,652.3871459960938,14952128,0.0,0.0
2021-10-04,651.5184174070039,662.3288088559877,646.4028030971499,657.69580078125,8917898,0.0,0.0
2021-10-05,660.5914233904632,678.9787087540223,656.7305735960406,674.9248046875,25598885,0.0,0.0
2021-10-06,681.1987375548402,683.3222168860977,664.2592695723066,667.3479614257812,10406502,0.0,0.0
2021-10-07,671.5466086487477,677.7722411652765,667.2514011660637,668.40966796875,8121590,0.0,0.0
2021-10-08,670.967497039257,675.2143967180673,664.9349188773989,671.3052978515625,6297352,0.0,0.0
2021-10-11,668.9886834422767,671.836071773018,661.1704866538987,666.8169555664062,8792050,0.0,0.0
2021-10-12,666.9617719911095,674.104367354323,660.398339418148,662.4735107421875,8579567,0.0,0.0
2021-10-13,665.0313706890771,672.5600159333675,659.3365937323529,665.9000854492188,7062149,0.0,0.0
2021-10-14,668.8922294270446,669.8574418793204,658.1300870194137,661.9426879882812,9820591,0.0,0.0
2021-10-18,675.6487294804479,677.530905580665,656.0066792667382,656.923583984375,8574445,0.0,0.0
2021-10-19,674.6834530826833,674.6834530826833,651.9527133341637,657.4061279296875,7328862,0.0,0.0
2021-10-20,659.6262481512127,689.0652294943308,657.6958231451067,683.8048095703125,21217306,0.0,0.0
2021-10-21,686.2178098157673,687.5690719118365,665.2244388231148,671.8361206054688,8908979,0.0,0.0
2021-10-22,674.200937928872,680.7643712115125,660.4466596676173,670.340087890625,6587256,0.0,0.0
2021-10-25,668.8922157608305,679.5095525189389,651.5183919748349,667.0582885742188,9540441,0.0,0.0
2021-10-26,670.8226293141803,685.156010131173,665.031354816504,671.9808959960938,10953878,0.0,0.0
2021-10-27,675.0696015944287,689.7890912497796,669.8574308730231,677.9169311523438,11878571,0.0,0.0
2021-10-28,678.3030723358851,681.4882617469725,660.5914468400048,665.7553100585938,8884507,0.0,0.0
2021-10-29,668.1201027736129,676.6139609720527,653.4971098668766,661.5083618164062,8602343,0.0,0.0
2021-11-01,665.9483383311723,697.6555435904286,665.6104786282255,687.7138671875,17121001,0.0,0.0
2021-11-02,687.713894472059,697.9451232320783,684.8665058634448,689.1134643554688,7725455,0.0,0.0
2021-11-03,700.502965762166,707.0181500803122,671.7878941377437,674.780029296875,23261507,0.0,0.0
2021-11-04,679.509527700525,680.2816858359886,674.8765199758539,676.7103881835938,1064714,0.0,0.0
2021-11-08,682.839564797567,690.0304093878659,679.509570037024,684.3356323242188,7565546,0.0,0.0
2021-11-09,686.9417077021886,691.5264668080184,680.6195779807385,688.3895263671875,5278131,0.0,0.0
2021-11-10,692.5399635241397,712.3268196248295,682.7430331583084,709.8655395507812,15180490,0.0,0.0
2021-11-11,709.431167570913,712.9059089085434,699.0551334873928,703.2537841796875,7421118,0.0,0.0
2021-11-12,707.5006463898054,719.0831944889565,700.020250742437,717.6353759765625,9207508,0.0,0.0
2021-11-15,714.2572384237396,720.0485133298781,710.5894427655643,711.8924560546875,5454742,0.0,0.0
2021-11-16,715.5603012637958,716.2359618320123,701.7577735640845,704.8947143554688,4639931,0.0,0.0
2021-11-17,699.3446153606658,706.8732601122965,691.3333644209577,695.0011596679688,8002927,0.0,0.0
2021-11-18,695.5320897204606,698.2829806363773,683.3704360337699,689.49951171875,4469597,0.0,0.0
2021-11-22,714.2572569824434,729.6524082903227,707.5972671025784,716.2841796875,36884348,0.0,0.0
2021-11-23,719.0832192493086,734.5266172466092,710.1067559457553,732.4996948242188,18240414,0.0,0.0
2021-11-24,737.4222543711031,754.6030228607224,729.9418584661606,732.4996948242188,21653712,0.0,0.0
2021-11-25,732.6444566410333,741.7657255561446,726.6118791722944,738.5322875976562,8483653,0.0,0.0
2021-11-26,736.4571228750265,736.4571228750265,707.5972461333836,713.0507202148438,11142921,0.0,0.0
2021-11-29,725.8397831842299,728.7354206171457,701.8059689262709,713.6298217773438,15885643,0.0,0.0
2021-11-30,714.2571386618177,724.1023164095336,697.5107279620014,702.9158935546875,14272616,0.0,0.0
2021-12-01,707.5007287035685,711.7476870654548,693.2638450086467,697.1246948242188,10488561,0.0,0.0
2021-12-02,698.717293144019,710.1067878971227,689.3064720659726,707.0663452148438,11507427,0.0,0.0
2021-12-03,704.6051003590144,709.0933618918122,691.3816777890761,693.3603515625,11024093,0.0,0.0
2021-12-06,693.0225728594079,696.786925162539,669.7126674916487,673.3322143554688,8804487,0.0,0.0
2021-12-07,677.9169398599123,681.1504369105755,669.9539371571949,674.5386962890625,10238693,0.0,0.0
2021-12-08,680.4747381116936,693.987711634479,677.8686528642071,690.2716674804688,8296393,0.0,0.0
2021-12-09,691.8642963685991,698.7655891901643,686.2660757468547,689.1134643554688,9069515,0.0,0.0
2021-12-10,686.2659923571653,693.8911936147778,682.4051428924274,685.9764404296875,4251339,0.0,0.0
2021-12-13,690.1268591156456,693.4086048076645,674.056049251204,678.6408081054688,9896899,0.0,0.0
2021-12-14,676.6139139686674,681.7295280693617,664.4522609057418,667.5408935546875,9275631,0.0,0.0
2021-12-15,667.6856848007282,670.7261274578186,660.3017862974457,661.6048583984375,7674319,0.0,0.0
2021-12-16,665.9001067782272,665.9001067782272,654.027946264851,657.69580078125,9633006,0.0,0.0
2021-12-17,657.3096991055172,661.8462095454526,638.1019471821694,642.8797607421875,13850460,0.0,0.0
2021-12-20,636.2197889598024,638.1502137960158,622.6585073558904,635.35107421875,11812939,0.0,0.0
2021-12-21,640.8527450043892,647.5609825505935,636.2679863888239,643.796630859375,8084499,0.0,0.0
2021-12-22,643.7967383561233,662.1357758805107,643.7967383561233,660.9292602539062,8522226,0.0,0.0
2021-12-23,665.0314288566126,665.0314288566126,652.0010597861274,655.1380004882812,5602466,0.0,0.0
2021-12-24,658.371381349085,659.095290678634,649.250170926281,653.4970703125,3756020,0.0,0.0
2021-12-27,651.4700904339552,654.7517770920314,645.3892643831524,652.2422485351562,3658572,0.0,0.0
2021-12-28,656.1997069444462,659.7227562006937,651.5666986393884,656.3927612304688,3892590,0.0,0.0
2021-12-29,656.2962100228777,659.7227024007373,651.5183966649563,653.3040161132812,3847574,0.0,0.0
2021-12-30,653.9314215841739,661.9426729739707,650.7462323462897,655.717041015625,5701612,0.0,0.0
2021-12-31,656.8270787322289,669.9539446175205,656.3444725024477,660.0122680664062,4598628,0.0,0.0
2022-01-03,663.8730992598466,668.5061071532501,659.3365890449321,667.2513427734375,2939833,0.0,0.0
2022-01-04,668.1683829932579,678.7857209678708,666.3827633531959,673.1875,6473875,0.0,0.0
2022-01-05,676.5173963674903,678.3030157470704,667.6856793212891,675.648681640625,4586105,0.0,0.0
2022-01-06,677.5790821941794,695.4355109984419,675.6486574585834,685.6868896484375,21642414,0.0,0.0
2022-01-07,689.0652082357269,690.2717238273206,677.0483011610753,680.1852416992188,4315015,0.0,0.0
2022-01-10,680.8608710473454,686.6038378709388,679.1717492964317,680.426513671875,3565324,0.0,0.0
2022-01-11,678.54434135263,684.8664710152868,670.4365333392785,678.9786987304688,10642484,0.0,0.0
2022-01-12,683.3222384755725,707.2112491552201,679.7026914028986,704.7982177734375,12366953,0.0,0.0
2022-01-13,703.6398851491487,710.0585715894093,700.8890531958333,706.3424682617188,5829874,0.0,0.0
2022-01-14,704.5568148944427,705.4737784720896,693.4568721096099,695.5320434570312,5344096,0.0,0.0
2022-01-17,694.952980477629,709.1898644526916,694.5186230824517,703.2537841796875,4340924,0.0,0.0
2022-01-18,701.70947315897,705.2807711183615,687.7621410366363,689.49951171875,4312058,0.0,0.0
2022-01-19,689.1617084674069,690.1269209442521,677.289606784591,679.2200317382812,5879490,0.0,0.0
2022-01-20,681.4399800223767,694.6151533425236,680.7160706951576,690.5130004882812,4812496,0.0,0.0
2022-01-21,684.9148024167894,689.1617612046589,665.3692482649766,671.0640258789062,6704622,0.0,0.0
2022-01-24,666.2861350778102,682.4051945967743,653.7866222062829,665.9000854492188,11091633,0.0,0.0
2022-01-25,660.2053425591296,695.3873495699885,658.4197230190127,687.0864868164062,14128764,0.0,0.0
2022-01-27,681.9225750596501,691.0920930540827,677.096512957317,682.646484375,8937312,0.0,0.0
2022-01-28,690.0304529672989,727.7702388718916,677.2413870985289,690.8991088867188,21450677,0.0,0.0
2022-01-31,702.6746789293799,709.4311662267778,694.5186217665707,703.929443359375,10745370,0.0,0.0
2022-02-01,707.5007881263342,709.4312131962561,693.3121520800296,697.8969116210938,4814511,0.0,0.0
2022-02-02,700.840731791298,706.294205662847,695.4355656714469,699.8272705078125,3286577,0.0,0.0
2022-02-03,700.7442438855319,703.6398812569597,693.5051504569623,696.5455932617188,3651578,0.0,0.0
2022-02-04,696.0146519238999,698.0898821899468,691.5746983603137,695.14599609375,3284198,0.0,0.0
2022-02-07,693.0225507840145,695.0494733984303,675.166120157964,681.922607421875,6833983,0.0,0.0
2022-02-08,686.4591738486655,689.8374177564721,676.6139941063925,684.2391967773438,7167684,0.0,0.0
2022-02-09,682.501708854597,700.8407456470843,677.7239542934375,694.3255615234375,10185173,0.0,0.0
2022-02-10,697.8003504198122,701.661200208248,683.9495164566629,698.862060546875,6074014,0.0,0.0
2022-02-11,696.5937968819654,700.1650945239367,686.1695148039089,690.2716674804688,5646980,0.0,0.0
2022-02-14,679.5096196519571,679.5096196519571,661.1705816215775,665.7070922851562,7441445,0.0,0.0
2022-02-15,671.7878338845269,688.2929424453821,662.7148137127098,686.796875,4650249,0.0,0.0
2022-02-16,692.4434083489739,702.8676906224497,683.3703881059746,696.6903076171875,5433910,0.0,0.0
2022-02-17,699.2482180638418,702.1921044513272,690.1269480174556,692.057373046875,5107708,0.0,0.0
2022-02-18,687.2795397524768,694.5186334067307,686.6038792290342,687.7621459960938,4099366,0.0,0.0
2022-02-21,683.4186363295555,691.6229418290986,678.5443254327934,685.2525634765625,4307430,0.0,0.0
2022-02-22,670.05049360442,678.0617451454684,663.5835584163837,674.9248046875,9148804,0.0,0.0
2022-02-23,675.7451694836142,684.2873344671967,675.1660656153902,679.8956298828125,4124469,0.0,0.0
2022-02-24,658.274993527126,664.5971242778874,622.9964847619749,647.5611572265625,14139461,0.0,0.0
2022-02-25,653.9314607082151,670.9674846884714,653.9314607082151,664.693603515625,6452099,0.0,0.0
2022-02-28,657.3096786910222,665.9965907442075,643.2658493207512,662.6183471679688,8301523,0.0,0.0
2022-03-02,660.2053160195356,660.2053160195356,642.8314919137583,650.7944946289062,10220908,0.0,0.0
2022-03-03,651.5184090408139,656.1514170560589,645.341025745892,648.6710205078125,6517030,0.0,0.0
2022-03-04,641.866300891457,644.7136894973393,627.3881136533038,630.9594116210938,7094874,0.0,0.0
2022-03-07,617.7359952155091,655.7170832315795,616.7707827229848,651.904541015625,12615451,0.0,0.0
2022-03-08,651.518412599801,662.9561567229067,644.3758168080235,659.2401123046875,8462985,0.0,0.0
2022-03-09,658.2748788652951,673.718277782956,650.8427313537925,667.4443969726562,9896395,0.0,0.0
2022-03-10,675.6004689271701,682.8878111721409,666.5756971355686,673.4769897460938,5989327,0.0,0.0
2022-03-11,672.4635348492503,677.9652576715043,667.4444182585643,670.6778564453125,3353880,0.0,0.0
2022-03-14,664.2109980802284,680.3299995221115,664.2109980802284,676.0348510742188,4016137,0.0,0.0
2022-03-15,674.6834608697011,684.8181909686022,671.3052175034007,678.6408081054688,6006439,0.0,0.0
2022-03-16,685.3008373131913,690.6095057712513,680.4747750785914,687.2312622070312,3843706,0.0,0.0
2022-03-17,694.952935639785,702.626386086519,690.126873586731,697.7520751953125,8168953,0.0,0.0
2022-03-21,696.8833967399712,699.1516224582317,682.2121555525405,683.5634765625,6317305,0.0,0.0
2022-03-22,683.8530309502764,695.9181867539157,681.2951943551475,694.2290649414062,3000133,0.0,0.0
2022-03-23,694.2290396255345,694.808143518234,678.5443376527643,680.426513671875,7974713,0.0,0.0
2022-03-24,673.7182105201853,684.1907408009096,673.5734051050327,681.7777099609375,3597143,0.0,0.0
2022-03-25,687.5207892766488,689.596019527179,681.2951574369483,684.6734008789062,2930336,0.0,0.0
2022-03-28,690.3681809624762,711.3615510232017,685.3973134523069,707.5489501953125,7960258,0.0,0.0
2022-03-29,714.6433646127457,736.4571437325963,711.3616185202142,728.6871948242188,15833573,0.0,0.0
2022-03-30,736.2157611299787,743.1170533831375,718.6971324331229,723.4266967773438,9938988,0.0,0.0
2022-03-31,726.8050186509108,732.5962936999221,713.9677040746485,728.6871948242188,7371181,0.0,0.0
2022-04-01,733.3683507308835,739.9800908466606,723.1853719571742,732.1135864257812,5920139,0.0,0.0
2022-04-04,731.4862124826328,748.0396291307339,729.8936473290375,741.090087890625,5783224,0.0,0.0
2022-04-05,741.0901515571309,746.8814266027639,734.5267182877926,739.931884765625,3990794,0.0,0.0
2022-04-06,737.4223047233096,753.5413642660012,736.4570922825723,748.6670532226562,7490027,0.0,0.0
2022-04-07,748.0397059937259,750.7905381219762,733.127160717665,735.8780517578125,5818505,0.0,0.0
2022-04-08,741.6210182079245,741.6210182079245,731.2449835895131,735.5884399414062,5583587,0.0,0.0
2022-04-11,730.6658599499787,738.5806142047353,729.7006474533472,731.6793212890625,4927865,0.0,0.0
2022-04-12,733.513229973118,733.513229973118,714.3537270543173,715.849853515625,3904026,0.0,0.0
2022-04-13,716.187717978279,730.1833000681511,712.278618901074,714.8847045898438,6343030,0.0,0.0
2022-04-18,711.0237286572712,714.4019720127641,698.2346645257627,704.1224365234375,8950327,0.0,0.0
2022-04-19,713.2919690725963,713.2919690725963,691.9124906838105,698.3311767578125,9957060,0.0,0.0
2022-04-20,704.6533575176836,718.6006896019403,698.7655849688459,713.6298217773438,6632292,0.0,0.0
2022-04-21,718.0214722768064,718.0214722768064,704.6049973918514,710.1549682617188,6111830,0.0,0.0
2022-04-22,705.5703234883937,715.125950613391,703.6398985267291,713.0507202148438,5182247,0.0,0.0
2022-04-25,704.5568598346775,717.1528708854825,703.7847016349455,713.6298217773438,3571031,0.0,0.0
2022-04-26,719.0832241767336,732.4996998435784,713.3884475614509,729.9901123046875,4987848,0.0,0.0
2022-04-27,723.909356506956,735.0575488147842,720.4346151604803,726.3223876953125,4571399,0.0,0.0
2022-04-28,724.8745504746507,728.0597397795776,718.6971672254226,721.3515014648438,6101866,0.0,0.0
2022-04-29,725.8398159992388,734.5267286907191,709.9620582418761,713.2920532226562,7219115,0.0,0.0
2022-05-02,708.4658931732008,717.1045558328268,704.9428443903497,715.5601806640625,3938533,0.0,0.0
2022-05-04,711.3616101384596,713.6298359411713,692.0573602025448,697.26953125,6785271,0.0,0.0
2022-05-05,700.7441886288946,707.5971729694631,689.402943151774,693.939453125,4836692,0.0,0.0
2022-05-06,686.5073266678904,698.7172872201317,683.1290832326179,685.5421142578125,5912312,0.0,0.0
2022-05-09,681.5365470109255,695.4356310717757,679.9439816762205,686.7487182617188,4819274,0.0,0.0
2022-05-10,686.2660619607954,703.1572800821932,685.4456549310848,694.6151733398438,6746893,0.0,0.0
2022-05-11,694.6151636741569,709.4311512268587,691.9608294348727,697.7037963867188,6919703,0.0,0.0
2022-05-12,690.3681582698481,697.65549999315,676.8551848818329,680.86083984375,6754953,0.0,0.0
2022-05-13,688.1964692326734,688.1964692326734,660.9292178219819,665.9000854492188,11938252,0.0,0.0
2022-05-16,661.990919428391,673.7182739800495,656.0066495110898,669.0852661132812,5412233,0.0,0.0
2022-05-17,670.8226922853478,685.3008798886286,666.8170368170149,682.4534912109375,4847812,0.0,0.0
2022-05-18,695.9181210974632,701.8542007575712,665.2243794111871,671.9326171875,18992703,0.0,0.0
2022-05-19,661.1705284698565,668.8922280724242,644.617111382095,650.7944946289062,7322668,0.0,0.0
2022-05-20,664.5487083421099,667.4443454154961,659.2400403742354,663.9696044921875,5577407,0.0,0.0
2022-05-23,658.0818072958322,669.7609127674109,655.9583282181006,661.9909057617188,3788601,0.0,0.0
2022-05-24,665.2727028368208,665.2727028368208,652.3388320206833,654.6071166992188,4053608,0.0,0.0
2022-05-25,657.5509780347053,665.9000892471689,655.9101050961301,664.2592163085938,4188088,0.0,0.0
2022-05-26,665.9966042403704,671.305272824895,652.3871319793465,669.5196533203125,5780597,0.0,0.0
2022-05-27,672.8013329262284,675.6487214633454,652.4836224417451,660.5914306640625,7131633,0.0,0.0
2022-05-30,663.5353096480034,679.2682607795963,659.2401024688658,674.7317504882812,4675033,0.0,0.0
2022-05-31,673.235650571383,682.0190598671282,668.506086235588,675.8417358398438,44593174,0.0,0.0
2022-06-01,677.1447939515957,681.6330554846562,667.2031173310667,670.48486328125,3749781,0.0,0.0
2022-06-02,664.9348879556841,672.7048364844492,659.2883597116298,671.7396240234375,3466993,0.0,0.0
2022-06-03,672.8013267368241,676.4208734256513,661.4118316050264,662.6183471679688,6673615,0.0,0.0
2022-06-06,658.4679241816706,665.8035150030688,652.9662016096765,659.1918334960938,6407024,0.0,0.0
2022-06-07,654.5588493081806,663.3422590756732,649.877533558692,661.4600830078125,8349903,0.0,0.0
2022-06-08,658.7575563558413,663.8731710184228,637.474631702109,640.2254638671875,13904149,0.0,0.0
2022-06-09,637.0401517220245,655.7652948980023,632.3105876369093,652.8213500976562,6774925,0.0,0.0
2022-06-10,644.761918194487,652.9179751995354,644.761918194487,649.92578125,3221484,0.0,0.0
2022-06-13,637.1366916872777,649.9257561882464,635.1097691801823,647.9470825195312,5982102,0.0,0.0
2022-06-14,645.8236074798876,665.4174667603588,645.8236074798876,658.3231201171875,8878530,0.0,0.0
2022-06-15,658.2266524031423,661.1705386395236,650.0705952901009,658.3713989257812,6005970,0.0,0.0
2022-06-16,659.3365582127893,660.1087752521555,627.3880517572891,631.4419555664062,9525587,0.0,0.0
2022-06-17,633.1793837066247,638.7293554388093,615.805559153699,621.259033203125,11085830,0.0,0.0
2022-06-20,622.5137738858427,624.9268049816776,612.1377401737531,618.6046752929688,3883001,0.0,0.0
2022-06-21,619.7627893640285,635.2544937860237,618.2184732609948,631.5383911132812,3515991,0.0,0.0
2022-06-22,626.0367881412321,627.7259099736181,619.1355542874778,620.48681640625,4348884,0.0,0.0
2022-06-23,625.6025379552165,641.4802372759373,625.2164293703903,637.2333374023438,4336533,0.0,0.0
2022-06-24,639.0671175974996,652.194041813093,639.0671175974996,647.8505859375,5621332,0.0,0.0
2022-06-27,651.5183805547056,663.1009295423448,647.8505851576647,660.1570434570312,5284297,0.0,0.0
2022-06-28,659.2401483983548,661.074075743431,652.7732127590662,657.4545288085938,3216376,0.0,0.0
2022-06-29,653.4488853629653,665.1279334568352,651.5184602954233,663.8731689453125,5011798,0.0,0.0
2022-06-30,665.8035100516688,667.5408806109858,655.3792277838762,661.1222534179688,6505666,0.0,0.0
2022-07-01,661.0257254946108,661.9426891082027,642.8314943031892,650.0223388671875,4488771,0.0,0.0
2022-07-04,647.174900042516,661.6530857257939,642.8796931740993,658.1783447265625,4229588,0.0,0.0
2022-07-05,659.529630596824,665.3209050798844,656.3926902518328,660.6396484375,3494504,0.0,0.0
2022-07-06,660.6878742905361,670.77435544667,660.3983223588347,669.8091430664062,4697006,0.0,0.0
2022-07-07,667.9269529672924,672.2704085862994,661.6048237931153,662.9078369140625,3485283,0.0,0.0
2022-07-08,664.0661151684145,672.3669180432645,662.7631020246272,670.9674072265625,2732170,0.0,0.0
2022-07-11,651.5185007536649,657.3097763159196,636.0268504070135,637.5711669921875,18687521,0.0,0.0
2022-07-12,640.1772162205853,643.7002655512023,637.040275470164,639.9359130859375,7416645,0.0,0.0
2022-07-13,646.6923260929609,646.6923260929609,618.7011657098327,621.1141967773438,12030163,0.0,0.0
2022-07-14,627.388052120112,629.5115311558193,606.8772888777237,619.3285522460938,11379990,0.0,0.0
2022-07-15,626.3745954852418,634.6271496796871,620.8728730516483,629.1254272460938,5567877,0.0,0.0
2022-07-18,634.144607066786,646.6923694592795,626.5677125714615,639.984130859375,8982417,0.0,0.0
2022-07-19,651.5183163513078,653.4487409923487,640.0322661723604,649.4913940429688,7836419,0.0,0.0
2022-07-20,656.3445380522082,656.3445380522082,644.9550416742703,647.31982421875,4458819,0.0,0.0
2022-07-21,648.1401494463872,656.2962062962591,647.8505974985587,654.7518310546875,3550107,0.0,0.0
2022-07-22,656.0549019496624,658.1783810828838,651.7114460047561,655.2344360351562,2415220,0.0,0.0
2022-07-25,656.3445484829111,662.6666790425356,653.0145533295516,654.8002319335938,2913348,0.0,0.0
2022-07-26,658.8540001608873,661.5083344199636,646.9336498712471,660.3018188476562,5016687,0.0,0.0
2022-07-27,660.1570354734954,660.1570354734954,646.4027587170096,651.421875,6237523,0.0,0.0
2022-07-28,655.1861552536027,655.7653180318225,641.0940779952508,643.65185546875,7374170,0.0,0.0
2022-07-29,649.3949160742393,656.9718690546599,647.6575454693675,654.3657836914062,7669970,0.0,0.0
2022-08-01,657.274324652026,676.5189283288264,656.4017486091443,673.2711181640625,8812526,3.0,0.0
2022-08-02,678.6517539920574,678.942592909021,660.3766554290518,665.8543090820312,6236599,0.0,0.0
2022-08-03,667.0177801924349,675.5978544222158,666.0482776049458,672.0107421875,5237250,0.0,0.0
2022-08-04,676.9066939757273,677.197532906723,659.9403993073412,673.1256103515625,6352142,0.0,0.0
2022-08-05,676.7128382088306,688.3468698112746,675.1131351939966,682.1905517578125,5811092,0.0,0.0
2022-08-08,686.3593855300555,688.2014049873479,677.6823253238499,682.869140625,5918607,0.0,0.0
2022-08-10,692.1279626754729,696.1028998547273,684.4688681022807,693.436767578125,12201239,0.0,0.0
2022-08-11,696.8784777609409,697.4602148424794,684.178016992899,688.1529541015625,7142902,0.0,0.0
2022-08-12,688.2013591160448,690.770564534335,685.0989983055489,688.0559692382812,4540159,0.0,0.0
2022-08-16,693.194372230728,694.1638748492326,679.1365842624125,682.6267700195312,6679663,0.0,0.0
2022-08-17,685.4383381991763,702.5500827586528,680.8816641444332,700.9019165039062,8812954,0.0,0.0
2022-08-18,702.8894218966866,713.5539510564984,698.9144846975278,710.83935546875,10354897,0.0,0.0
2022-08-19,707.9308649275516,715.1051492163555,703.8589418589077,709.966796875,13743828,0.0,0.0
2022-08-22,709.5304814232803,712.0027604873383,702.3077341145463,705.4100952148438,8118490,0.0,0.0
2022-08-23,702.889393304238,719.9526155963331,700.5141000714267,715.1051025390625,8229797,0.0,0.0
2022-08-24,700.8049767518609,731.1989207616211,696.1029125026439,716.2200927734375,14922081,0.0,0.0
2022-08-25,722.085464928073,731.0533632364189,712.8267276985282,718.4013671875,9849958,0.0,0.0
2022-08-26,718.8861388850705,718.8861388850705,705.7978544953895,708.5609130859375,5928897,0.0,0.0
2022-08-29,695.8119523902637,702.7923821879477,693.2912103994059,698.6234741210938,5878942,0.0,0.0
2022-08-30,699.9808635542488,707.8338107916627,690.0919253922798,704.4405517578125,8894800,0.0,0.0
2022-09-01,704.3436381487461,723.2489388285817,704.3436381487461,712.6328735351562,11869518,0.0,0.0
2022-09-02,702.8894458173895,718.3045621606768,697.7026301280982,712.58447265625,5693707,0.0,0.0
2022-09-05,712.5844253685315,719.3224804091459,710.8877957843207,717.8197631835938,3660135,0.0,0.0
2022-09-06,717.819768416265,741.6695093615302,717.819768416265,738.0338745117188,10166270,0.0,0.0
2022-09-07,732.4592151661549,738.6640554829893,665.2726967414533,730.1323852539062,126794211,0.0,0.0
2022-09-08,735.8524432655696,752.3339867906219,733.9619014382421,746.3230590820312,10648073,0.0,0.0
2022-09-09,749.4255002053236,751.1705930282332,739.6335477401842,742.3966064453125,4627905,0.0,0.0
2022-09-12,743.6085387796016,747.8743741448371,741.1847821342966,745.6929931640625,2654087,0.0,0.0
2022-09-13,750.3949960277535,764.8406081220737,746.5169857123645,760.3323974609375,8335652,0.0,0.0
2022-09-14,752.334018418928,764.355874341511,752.0916427686642,759.4598388671875,6645392,0.0,0.0
2022-09-15,763.9680754481936,766.537281097308,758.1510596452887,761.156494140625,5485310,0.0,0.0
2022-09-16,763.9680649104346,763.9680649104346,752.7703214790469,755.8727416992188,20211162,0.0,0.0
2022-09-19,749.9102746164864,762.029057334917,748.6499330485184,758.878173828125,5760313,0.0,0.0
2022-09-20,762.7077150544984,772.6451168061222,761.0595487828951,767.9915161132812,7936714,0.0,0.0
2022-09-21,767.991450827417,772.6935144162893,755.2424689213167,756.4058837890625,9966193,0.0,0.0
2022-09-22,767.07045451829,770.5606401431068,752.6733056750024,760.1869506835938,7721133,0.0,0.0
2022-09-23,763.9680475981654,763.9680475981654,745.2566592823497,747.8258056640625,9271829,0.0,0.0
2022-09-26,746.4685620806155,747.6319770717967,730.2293930220814,732.02294921875,13144297,0.0,0.0
2022-09-27,735.7069351089038,741.6693990452324,734.1072915171653,737.403564453125,5965026,0.0,0.0
2022-09-28,732.4591702104517,747.486459605901,731.9744189396307,738.2277221679688,5546932,0.0,0.0
2022-09-29,740.6514755489834,745.5474515298739,736.1432650789496,741.3301391601562,5413233,0.0,0.0
2022-09-30,742.5905614159116,784.3276383721659,738.2277995213816,775.5051879882812,7469164,0.0,0.0
2022-10-03,778.8984370213025,790.6778584777533,773.7115624438268,778.8499145507812,12619046,0.0,0.0
2022-10-04,788.205592396108,791.8412270473816,782.8733282409067,784.0367431640625,5772140,0.0,0.0
2022-10-06,785.8302752951926,790.968626944238,762.6591999951606,764.5496826171875,6503205,0.0,0.0
2022-10-07,767.8461073636983,772.4997083008502,760.7687497745145,768.9125366210938,6025982,0.0,0.0
2022-10-10,761.0110800120254,770.5606569814813,755.9211913465936,768.1853637695312,3519416,0.0,0.0
2022-10-11,773.1783876252647,773.1783876252647,752.3340799964958,756.5029296875,3699862,0.0,0.0
2022-10-12,756.5028422779653,757.520808140024,745.7413874383611,751.897705078125,5984299,0.0,0.0
2022-10-13,751.3645036244038,755.2425139656912,744.2386832917853,745.4505615234375,2842056,0.0,0.0
2022-10-14,756.1636134467882,756.1636134467882,739.7789947811444,742.590576171875,3608210,0.0,0.0
2022-10-17,737.7914641457501,747.4864899558124,736.6765125080963,742.6389770507812,4566333,0.0,0.0
2022-10-18,746.3715591840784,761.6412252618128,745.2082033933408,759.2659912109375,4391263,0.0,0.0
2022-10-19,763.9195868192483,764.5982504751646,755.727278000403,759.5083618164062,5219180,0.0,0.0
2022-10-20,758.1510260202663,769.7850571100913,754.5638545994884,768.7186279296875,4756732,0.0,0.0
2022-10-21,765.9070763965433,778.3651615013437,765.6647007394557,773.1298828125,4807736,0.0,0.0
2022-10-24,775.6020078520083,782.8732766756209,775.6020078520083,777.637939453125,522406,0.0,0.0
2022-10-25,781.5645909501658,781.7584441426532,774.3417843176234,777.8319702148438,3184277,0.0,0.0
2022-10-27,781.9038382158224,797.1250407015173,779.6739940953365,792.1805419921875,8159181,0.0,0.0
2022-10-28,794.0226256363355,799.2579633210171,786.557443816972,791.9381713867188,3905093,0.0,0.0
2022-10-31,797.900696681096,808.3713136727814,794.9921886737529,806.626220703125,5487233,0.0,0.0
2022-11-01,802.7481384295334,815.7879600008483,796.0100836454067,810.06787109375,10488759,0.0,0.0
2022-11-02,804.6871738065153,804.6871738065153,782.6309892232644,785.1516723632812,11729925,0.0,0.0
2022-11-03,785.0546921842049,799.257928253205,779.67396485054,793.6832885742188,5897840,0.0,0.0
2022-11-04,790.8232284815851,796.7371702669699,784.5214620132704,791.5018920898438,3768226,0.0,0.0
2022-11-07,792.0835649694263,798.9185459535704,784.3275447494075,797.6097412109375,7171570,0.0,0.0
2022-11-09,799.0640680999157,800.3244096662162,789.611417592047,794.0711059570312,3969171,0.0,0.0
2022-11-10,794.7981595571451,805.3657607677135,792.6167788720613,800.5667114257812,4425290,0.0,0.0
2022-11-11,805.4143242177956,811.3767891679913,798.6762689845347,801.6817626953125,4325441,0.0,0.0
2022-11-14,793.0530838756247,805.4627046491995,792.0835813280994,796.8341674804688,10406576,0.0,0.0
2022-11-15,797.5613296055412,813.1702976403783,797.5613296055412,809.7770385742188,6229710,0.0,0.0
2022-11-16,811.9584218320109,818.3086519829337,802.7966104912177,815.5455932617188,3445345,0.0,0.0
2022-11-17,816.1272329050049,823.495487772544,812.8309597467216,820.3446044921875,4545534,0.0,0.0
2022-11-18,824.0287580962269,825.8707775574455,805.7535983293432,811.7645263671875,7405949,0.0,0.0
2022-11-21,811.4737122546646,826.7918421805173,809.5347069685124,825.2406616210938,5527122,0.0,0.0
2022-11-22,827.373528534955,834.3054365036278,819.3266097518753,821.7503662109375,7601660,0.0,0.0
2022-11-23,825.8707182263095,825.8707182263095,815.9333171528435,817.5330200195312,4596816,0.0,0.0
2022-11-24,820.1991706672089,825.0466834962114,812.2007744993549,822.4774780273438,3455310,0.0,0.0
2022-11-25,826.0162778679894,833.7722992564212,815.9334263935291,821.0233154296875,2991065,0.0,0.0
2022-11-28,814.6245087632167,826.5493781635627,810.552586262827,811.8614501953125,3668846,0.0,0.0
2022-11-29,813.412660393911,819.0357634939478,809.5346500940592,810.3587036132812,2680296,0.0,0.0
2022-11-30,809.340782934673,826.0162399898749,807.2078653159127,822.8653564453125,6874390,0.0,0.0
2022-12-01,826.9857449173451,827.1796572784522,815.9333912454349,822.7199096679688,4506664,0.0,0.0
2022-12-02,825.4345036232254,825.9677181967162,813.5095747908919,822.7683715820312,3505272,0.0,0.0
2022-12-05,825.0467082736371,825.6283861610899,815.2062332657413,818.3571166992188,3311316,0.0,0.0
2022-12-06,819.1328003367022,819.2297269307463,804.396348443554,807.9349975585938,5567349,0.0,0.0
2022-12-07,812.0068467201562,815.9333202022818,806.6261194169665,808.5651245117188,3771882,0.0,0.0
2022-12-08,807.5957104731375,814.5761414140171,801.1000308590726,807.2078857421875,4822179,0.0,0.0
2022-12-09,804.9779966778608,811.0858512210834,798.8216788394028,809.437744140625,4615843,0.0,0.0
2022-12-12,807.2078499538409,811.4252218143943,800.2274784961888,803.135986328125,3149823,0.0,0.0
2022-12-13,796.9311932294928,814.382241256416,796.9311932294928,812.49169921875,3832999,0.0,0.0
2022-12-14,815.01237655707,816.3211813850431,802.8935941730876,803.9115600585938,7491333,0.0,0.0
2022-12-15,803.7175817890321,805.6565868114424,799.2093714424335,801.1483764648438,2996482,0.0,0.0
2022-12-16,799.839583808113,807.3047650917364,794.8951445958854,797.658203125,4309644,0.0,0.0
2022-12-19,797.6098114485801,819.2781711768815,796.9311477848175,814.77001953125,6397169,0.0,0.0
2022-12-20,814.1398056638297,814.1398056638297,796.931134570608,803.669189453125,2828863,0.0,0.0
2022-12-21,807.5956591107042,807.6441224055543,787.5754069170345,789.1751098632812,5079337,0.0,0.0
2022-12-22,794.0226306945407,799.5488073582989,784.8123559795246,791.69580078125,3626834,0.0,0.0
2022-12-23,789.1751577977439,793.0047051033788,780.4496339400292,783.9883422851562,2804496,0.0,0.0
2022-12-26,780.4980493093831,790.3385242808026,776.7170247074708,786.2666015625,6023206,0.0,0.0
2022-12-27,790.1446569929788,794.4589556051742,780.4496305268073,789.9507446289062,1782053,0.0,0.0
2022-12-28,788.2055680495304,789.0781440083798,777.0078255042388,779.2861328125,2907741,0.0,0.0
2022-12-29,782.4371011878591,799.5973099131356,736.918939973999,795.7192993164062,6110313,0.0,0.0
2022-12-30,799.5488368038452,799.6457633980757,780.4011597174627,781.5160522460938,3113243,0.0,0.0
2023-01-02,781.6614747706849,791.3080375188825,781.0312744083493,788.6903686523438,1626846,0.0,0.0
2023-01-03,785.6363895206073,793.828698130152,783.8428334228406,792.665283203125,1717603,0.0,0.0
2023-01-04,793.9741423450264,795.4283962015077,781.6129845649347,787.0421752929688,2970216,0.0,0.0
2023-01-05,799.8396550965302,799.8396550965302,779.2377245864681,782.4855346679688,5297349,0.0,0.0
2023-01-06,782.9218650361776,787.4785393949729,767.8461104349875,771.72412109375,3199618,0.0,0.0
2023-01-09,778.219696230709,796.4463320434561,776.6199933793855,794.410400390625,4340729,0.0,0.0
2023-01-10,800.9060661050337,800.9060661050337,766.1978852101753,768.6701049804688,8392344,0.0,0.0
2023-01-11,751.3644472979695,755.8726576512522,728.7265872972611,742.20263671875,28389020,0.0,0.0
2023-01-12,741.6695372569259,745.8383868734246,730.5687199298997,733.8165893554688,12732671,0.0,0.0
2023-01-13,733.9134873961962,742.5905477279014,729.0659742694048,740.9908447265625,12279288,0.0,0.0
2023-01-16,743.0268186770844,744.6749257633419,731.635163090786,735.9979248046875,5779293,0.0,0.0
2023-01-17,735.9979144054889,745.4505646520488,735.6100897002358,742.34814453125,6594428,0.0,0.0
2023-01-18,744.7719253189559,756.2120444124987,742.6390077179154,752.8672485351562,5800899,0.0,0.0
2023-01-19,752.3340039821486,752.8187552733742,742.2996759232751,748.4559936523438,4169463,0.0,0.0
2023-01-20,752.1885858946541,752.1885858946541,735.173826706846,741.1362915039062,6289718,0.0,0.0
2023-01-23,744.4810430790232,752.333990183348,740.5545103531202,749.1346435546875,2685320,0.0,0.0
2023-01-24,749.4254844687506,753.8367093148988,737.7914536619912,751.9946899414062,5012125,0.0,0.0
2023-01-25,751.3160693904688,756.6967971123808,744.5780143271088,752.8187866210938,6560514,0.0,0.0
2023-01-27,751.3160487452175,755.1455958348809,742.4450763206643,750.8797607421875,6745926,0.0,0.0
2023-01-30,748.0682056778247,751.3160749927421,739.7305067288842,746.7109375,5420851,0.0,0.0
2023-01-31,751.3645355072404,755.2425460130842,744.9658418420958,746.807861328125,8537557,0.0,0.0
2023-02-01,752.2855373442065,760.7202216087921,733.5256269529096,745.6444091796875,4472974,0.0,0.0
2023-02-02,741.7664082109526,757.1815230670906,741.7179449161832,754.0306396484375,2841909,0.0,0.0
2023-02-03,756.1150942490438,770.7060964061176,754.6608403628155,768.7186279296875,5493687,0.0,0.0
2023-02-06,765.616158578034,770.4152079287741,755.0485573480703,765.1798706054688,2407975,0.0,0.0
2023-02-07,769.6881498273519,771.5786325878756,759.120547652853,761.93212890625,4126502,0.0,0.0
2023-02-08,754.2729456680787,757.1814531706548,741.6694131569154,751.4613647460938,9951783,0.0,0.0
2023-02-09,746.5169749619331,751.4614143733536,738.0822908126801,743.2691650390625,5913945,0.0,0.0
2023-02-10,745.499084783521,749.6194711025694,737.7915267754929,748.4075927734375,2954992,0.0,0.0
2023-02-13,747.4864366315136,755.8241345638747,743.3175876653331,745.1596069335938,3705892,0.0,0.0
2023-02-14,745.5474828234302,753.885181328552,742.8328874385353,751.5584106445312,3502010,0.0,0.0
2023-02-15,751.3645366946861,763.1440172943005,748.6499411710541,761.4473876953125,3602838,0.0,0.0
2023-02-16,765.5676699330919,766.3917233855173,756.7936250018967,760.5262451171875,3399428,0.0,0.0
2023-02-17,761.9805299790747,763.4347837830272,746.8077916216745,753.1095581054688,3093216,0.0,0.0
2023-02-20,757.4238711492783,769.5911163806722,753.4004118762373,755.387939453125,3381774,0.0,0.0
2023-02-21,759.1690261632697,763.9680760391274,754.4184987581361,755.291015625,2769616,0.0,0.0
2023-02-22,753.3035042707613,757.8117149349284,743.1237271860213,748.6014404296875,3261898,0.0,0.0
2023-02-23,750.3949985332204,753.7882575705153,738.6155184913999,739.6820068359375,4062194,0.0,0.0
2023-02-24,752.043159378597,752.1400859666156,731.974444238244,734.0103759765625,4357223,0.0,0.0
2023-02-27,730.0354031457465,731.392730353627,715.9291532065624,729.9384765625,6719439,0.0,0.0
2023-02-28,731.9745010781986,734.0104329746132,717.0926590635243,719.6133422851562,10562614,0.0,0.0
2023-03-01,719.7587533767521,730.4717452640741,718.4014260682596,727.3208618164062,3744982,0.0,0.0
2023-03-02,728.0964099847284,728.8720001845849,713.3599594925,717.52880859375,4910541,0.0,0.0
2023-03-03,722.2794550113264,742.5420835261082,720.873664371522,741.0878295898438,5759333,0.0,0.0
2023-03-06,743.3176278505138,752.2370632764253,741.7663882434584,743.2206420898438,4597345,0.0,0.0
2023-03-08,740.7000212992036,746.4201105782114,737.50067440321,743.1722412109375,3546995,0.0,0.0
2023-03-09,770.7545248009965,770.7545248009965,746.710873472141,749.8132934570312,5240056,0.0,0.0
2023-03-10,749.4254609879846,755.1940129170125,744.7718606458342,750.152587890625,4113931,0.0,0.0
2023-03-13,753.7398073952842,754.0791096354228,739.8759320649216,741.9603271484375,3447889,0.0,0.0
2023-03-14,740.6999766155792,753.0611346022921,740.6999766155792,748.2620849609375,3753502,0.0,0.0
2023-03-15,734.882901396585,742.2026335005503,729.5506376001719,733.5740966796875,8101060,0.0,0.0
2023-03-16,727.1269129482979,735.8524359036775,720.8251463694127,723.200439453125,7465693,0.0,0.0
2023-03-17,727.1269291058827,736.288740247365,716.6078498676474,734.1558227539062,9306857,0.0,0.0
2023-03-20,731.9260276783373,736.6280917985491,725.9635627909599,731.7805786132812,3566109,0.0,0.0
2023-03-21,736.821961270515,742.6389767542296,732.119897424009,733.864990234375,5332221,0.0,0.0
2023-03-22,737.7914689194583,739.924386446221,730.1808972788135,733.6226196289062,2680654,0.0,0.0
2023-03-23,734.8829444725153,742.4450526468511,733.7679928529618,740.263671875,2454948,0.0,0.0
2023-03-24,740.2636948103384,743.6084905988889,735.7070207776568,739.197265625,2336818,0.0,0.0
2023-03-27,739.7304939893492,746.2261733335719,736.1917857811085,738.5186157226562,2258853,0.0,0.0
2023-03-28,742.2511400269615,742.2511400269615,720.146493381721,725.6242065429688,4166723,0.0,0.0
2023-03-29,728.096462144166,731.877546003227,716.316981730259,720.922119140625,4891868,0.0,0.0
2023-03-31,729.2113663687785,730.0354198664626,719.4193551133378,726.1574096679688,5796532,0.0,0.0
2023-04-03,731.9744361761487,738.6640275404999,729.1143917762091,737.3551635742188,2120667,0.0,0.0
2023-04-05,744.577972900535,744.577972900535,732.9439420739641,740.166748046875,3197932,0.0,0.0
2023-04-06,739.3427067482729,745.256708493733,735.9494474295445,742.590576171875,1777379,0.0,0.0
2023-04-10,745.4990679247692,752.6248886694224,743.0753113213163,746.274658203125,1701065,0.0,0.0
2023-04-11,752.3340224606845,752.3340224606845,744.7234506710112,750.5404663085938,3485481,0.0,0.0
2023-04-12,750.3950162826383,750.9282308806487,741.7664194284957,747.5834350585938,3794841,0.0,0.0
2023-04-13,746.5170270224893,747.6319787193585,742.1058018793781,743.656982421875,4292170,0.0,0.0
2023-04-17,764.9376067502559,764.9376067502559,731.3443155599758,736.4827270507812,9083437,0.0,0.0
2023-04-18,741.6695398780695,741.6695398780695,729.5992198453044,736.5796508789062,4051481,0.0,0.0
2023-04-19,738.1307334465896,743.4629974042156,732.9439185391218,741.3301391601562,3429794,0.0,0.0
2023-04-20,740.7000270204845,750.1526778888742,739.3426996365507,748.7468872070312,2355441,0.0,0.0
2023-04-21,746.1291178812555,751.6068308045992,741.1362153930525,741.8633422851562,4524208,0.0,0.0
2023-04-24,741.8633191927812,743.9962365113074,732.6045822229424,737.0642700195312,5271105,0.0,0.0
2023-04-25,741.6210599978563,753.303555033315,738.5186396996495,749.0377197265625,5773233,0.0,0.0
2023-04-26,756.1151201661215,756.1151201661215,743.7054392392857,749.86181640625,5057352,0.0,0.0
2023-04-27,748.4560062629133,765.1314627967837,747.8258059042053,762.5137939453125,4129769,0.0,0.0
2023-04-28,765.7616499705603,777.5895942208425,763.1925034337291,774.9234619140625,6572656,0.0,0.0
2023-05-02,775.8445030744277,782.1947336578447,764.5013101263129,766.1010131835938,6301210,0.0,0.0
2023-05-03,770.2697757864532,770.2697757864532,753.4973935103067,755.5333251953125,3908267,0.0,0.0
2023-05-04,755.5333711326754,768.5247297588819,750.0557168977118,765.0344848632812,2457671,0.0,0.0
2023-05-05,765.0344604810927,766.8280757542876,756.4543863369626,763.2893676757812,1438467,0.0,0.0
2023-05-08,765.8101630949411,771.0454418746505,761.2534888278593,769.542724609375,2489174,0.0,0.0
2023-05-09,772.5966226206699,774.0023540098479,766.3917824957996,769.397216796875,2486331,0.0,0.0
2023-05-10,772.6935001563736,773.2267147019097,764.016440860648,771.7724609375,2737334,0.0,0.0
2023-05-11,770.3182345894014,770.3182345894014,759.7991556552824,764.5496826171875,4808171,0.0,0.0
2023-05-12,763.4832482602149,769.494175827297,760.574740647795,767.7975463867188,2576010,0.0,0.0
2023-05-15,768.8155915823326,778.0258666391196,765.4707956480134,772.7420654296875,7569060,0.0,0.0
2023-05-16,776.4261764483006,776.8140011792301,760.0900804050127,763.337890625,4846217,0.0,0.0
2023-05-17,763.9680538640936,773.3237776856066,759.993116847242,768.0884399414062,6529233,0.0,0.0
2023-05-18,773.6145337584601,778.5105095616784,770.4151873347348,774.9718017578125,11383252,0.0,0.0
2023-05-19,774.9719172022633,783.6974410251768,769.0579747251202,781.1767578125,3432240,0.0,0.0
2023-05-22,776.5715763489428,779.4800841255307,775.1173224606489,777.3956298828125,9996762,0.0,0.0
2023-05-23,784.2791119539954,784.2791119539954,773.6145837367858,775.5535888671875,6516636,0.0,0.0
2023-05-24,778.413665529164,778.413665529164,770.754571277164,776.9594116210938,9104329,0.0,0.0
2023-05-25,775.2141973213901,800.3243364531965,773.517567898261,797.6097412109375,9570396,0.0,0.0
2023-05-26,802.6512628521651,804.0569943473455,788.5934745103983,793.0046997070312,6150206,0.0,0.0
2023-05-29,804.1055106873109,804.1055106873109,793.0531569575247,796.2040405273438,3684829,0.0,0.0
2023-05-30,796.2040364525558,801.148476205777,788.0117273782038,793.4894409179688,5148256,0.0,0.0
2023-05-31,794.0226315537745,861.6454380872003,793.0531289511447,823.9802856445312,47342125,0.0,0.0
2023-06-01,812.3947332429354,812.3947332429354,797.9006572217169,802.69970703125,9713155,0.0,0.0
2023-06-02,807.401781059285,813.7035481748123,801.7302143248082,810.9889526367188,6834131,0.0,0.0
2023-06-05,812.9279371916426,815.6909959562494,806.7716192974345,809.0499267578125,5298053,0.0,0.0
2023-06-06,809.0499682885043,812.6856032568468,800.9546447618266,804.1539916992188,2722174,0.0,0.0
2023-06-07,803.6207223555764,821.6534469012576,802.0210194089267,818.5025634765625,4110739,0.0,0.0
2023-06-08,821.847342320553,823.4955085281051,809.0983598261323,810.504150390625,4050621,0.0,0.0
2023-06-09,812.976359391251,814.1882375905623,803.6691584900361,808.0803833007812,3332436,0.0,0.0
2023-06-12,809.389251905536,817.3876486516508,806.3838174037664,810.843505859375,1569715,0.0,0.0
2023-06-13,812.5400534629676,818.2601421069072,807.3532385539419,808.9044189453125,3224345,0.0,0.0
2023-06-14,806.6261808122338,808.5167227582613,794.0226467370427,802.69970703125,5108720,0.0,0.0
2023-06-15,801.7786324726594,808.3712381721482,799.0640370874277,804.3963012695312,3865201,0.0,0.0
2023-06-16,797.415949532711,814.3822463312792,795.7677831518149,812.2493286132812,4907797,0.0,0.0
2023-06-19,814.3821980615268,814.3821980615268,802.2634153522778,802.8936157226562,3017364,0.0,0.0
2023-06-20,802.845092324834,808.2743424765482,801.6332140553098,805.8505859375,2691557,0.0,0.0
2023-06-21,806.6261406808701,815.1092881940403,805.0749602336725,813.4126586914062,3022724,0.0,0.0
2023-06-22,811.1827988124178,817.7754043452427,809.2437937043081,817.0967407226562,4380046,0.0,0.0
2023-06-23,818.260218408469,836.4383926918325,815.6910127735891,828.7308349609375,7667340,0.0,0.0
2023-06-26,831.2029906877177,831.2029906877177,820.5384625977553,825.9677124023438,4431992,0.0,0.0
2023-06-27,830.3789815929152,844.7760716147837,827.5674003675284,838.5228271484375,5533649,0.0,0.0
2023-06-28,842.9825507474567,846.9574879267965,837.2624614662162,845.6002197265625,6272649,0.0,0.0
2023-06-30,853.162317745377,856.0708256467817,840.6072468028977,851.950439453125,5217511,0.0,0.0
2023-07-03,853.1622493039084,857.1857085809171,847.9269118318657,852.3381958007812,3333167,0.0,0.0
2023-07-04,847.1513597366053,847.1513597366053,827.2765564438464,838.7651977539062,7397493,0.0,0.0
2023-07-05,841.5282261795986,844.4367338737677,836.7291766494715,840.2194213867188,4284477,0.0,0.0
2023-07-06,837.9895187517784,851.1263258522197,837.1170019471442,843.1279296875,6365222,0.0,0.0
2023-07-07,838.6198240109195,856.6525503143719,836.196067294125,843.9036254882812,18763997,0.0,0.0
2023-07-10,840.5587721524729,862.4695077109405,838.6197669110601,858.3976440429688,4310681,0.0,0.0
2023-07-11,862.857323226275,865.911280118427,859.2701517331698,864.6994018554688,3353977,0.0,0.0
2023-07-12,862.808837890625,868.3834777578325,856.167709675011,862.808837890625,3033186,0.0,0.0
2023-07-13,864.166081822675,866.0566236464394,856.3131347685646,858.0582275390625,4228714,0.0,0.0
2023-07-14,858.009857332646,863.0997463168227,852.8230417516027,859.464111328125,3860080,0.0,0.0
2023-07-17,858.9792228843265,869.3044482735935,849.2841977953386,851.3201293945312,5614592,0.0,0.0
2023-07-18,850.3022791884293,853.3562361761226,836.8262279869901,848.7510986328125,4731911,0.0,0.0
2023-07-19,848.7510710707083,850.2537882802407,840.752674544697,844.1943969726562,6641825,0.0,0.0
2023-07-20,844.4367921049469,859.6579952554796,841.5282842102112,857.8643798828125,3779959,0.0,0.0
2023-07-21,851.3202148236536,864.6993981280341,848.1208680579838,858.9793090820312,7001587,0.0,0.0
2023-07-24,858.0098247940927,865.3780210889284,853.9379019264227,861.0637817382812,4125577,0.0,0.0
2023-07-25,860.9183013736554,867.4139805723717,852.2897046385892,856.7009887695312,3652262,0.0,0.0
2023-07-26,859.4640535605098,869.1590795453999,856.3616334105965,862.275634765625,2845581,0.0,0.0
2023-07-27,862.2270576725728,873.9096105832419,861.0637019670814,867.8502197265625,3445446,0.0,0.0
2023-07-28,872.455417654135,872.455417654135,863.3905327957872,867.8017578125,2314339,0.0,0.0
2023-07-31,866.7353742307506,870.41947248781,858.2522259930336,862.7604370117188,4424817,0.0,0.0
2023-08-01,867.2200900361795,870.0316712921554,861.0637720939054,864.45703125,2087412,0.0,0.0
2023-08-02,856.2646276941573,863.4874332202007,845.9878655955879,851.3201293945312,3328903,0.0,0.0
2023-08-03,848.3147641849321,855.1497455930452,838.7166648978001,845.1154174804688,4642067,0.0,0.0
2023-08-04,842.4977531598805,865.7173520926486,839.7831577347351,862.5180053710938,7066276,0.0,0.0
2023-08-07,858.155208651753,873.0855124670898,857.1371836318807,864.214599609375,4086452,0.0,0.0
2023-08-08,864.7963376701335,867.0261818630096,853.5985942357231,858.3976440429688,3282856,0.0,0.0
2023-08-09,858.0097922159422,870.0801112971183,851.9988643227318,856.7494506835938,3185159,0.0,0.0
2023-08-10,855.1012185193281,856.9432969679464,841.7220956425488,848.1207885742188,3439922,0.0,0.0
2023-08-11,849.2896284543091,850.9453655365079,842.4719364827722,847.8773803710938,2812690,4.0,0.0
2023-08-14,847.8286658209527,847.9260376390342,835.2646101195944,844.468505859375,2665905,0.0,0.0
2023-08-16,847.3417054901156,851.2375294234035,830.9792568594177,834.631591796875,3962408,0.0,0.0
2023-08-17,834.8750394910074,837.4559870517966,827.8625448688899,834.3880615234375,3013019,0.0,0.0
2023-08-18,834.3881211928294,839.5500761291058,830.0540050824019,833.9498291015625,4929835,0.0,0.0
2023-08-21,833.365435604699,851.2375035777961,831.8557563199429,849.2409057617188,3220142,0.0,0.0
2023-08-22,848.3156494929071,857.0325673096432,843.6406727280962,854.79248046875,3333869,0.0,0.0
2023-08-23,854.1593420731634,854.1593420731634,844.2249797973413,845.5398559570312,1860153,0.0,0.0
2023-08-24,850.2636233632845,851.9193605212596,841.6928220959279,846.8060913085938,2842728,0.0,0.0
2023-08-25,846.8060394828711,853.136753358723,838.6734713750204,850.7505493164062,3124339,0.0,0.0
2023-08-28,851.2861438419534,852.9418807636621,843.2996935603088,847.6824951171875,3094455,0.0,0.0
2023-08-29,847.3416599121427,847.3416599121427,826.4016073970726,832.9271240234375,14064286,0.0,0.0
2023-08-30,837.4559892573654,840.134368086054,834.1445747365004,835.4107055664062,3261665,0.0,0.0
2023-08-31,833.2193021110438,837.1151258497277,824.9893625739633,834.0958862304688,12528190,0.0,0.0
2023-09-01,830.9305316538671,844.9554614831179,830.540925500741,843.3971557617188,4427899,0.0,0.0
2023-09-04,843.2024522688919,846.8061015514718,837.3100300416575,842.76416015625,3102649,0.0,0.0
2023-09-05,840.6213255914024,845.1989302762921,836.0437803520641,843.3484497070312,2216754,0.0,0.0
2023-09-06,844.5659279780546,859.4187562534942,843.2510517748638,857.3734130859375,4235096,0.0,0.0
2023-09-07,857.3733806524396,860.6848545438502,850.4096315229147,852.5036010742188,4532834,0.0,0.0
2023-09-08,858.8343598514836,867.4539058271677,855.2794562391008,862.7788696289062,3741470,0.0,0.0
2023-09-11,864.8729107295051,869.0609095567643,860.5874806368574,867.5999755859375,2733894,0.0,0.0
2023-09-12,871.5931898904943,873.15149560806,861.9510023570922,867.2103881835938,4106031,0.0,0.0
2023-09-13,864.9216136735039,894.0916077546093,862.4867236741721,891.3158569335938,5222561,0.0,0.0
2023-09-14,896.3316120195932,896.623786903462,886.3972498491956,891.1209716796875,5513106,0.0,0.0
2023-09-15,888.8321503511669,923.9919947913129,886.2998887330076,911.7688598632812,14003428,0.0,0.0
2023-09-18,905.1946593173561,911.4279415620655,894.0915380083131,896.2342529296875,2977375,0.0,0.0
2023-09-20,887.2738643470045,895.3576867872904,881.2353256094291,886.981689453125,5241903,0.0,0.0
2023-09-21,886.4947488362018,896.1856227695049,879.8231146761332,894.0429077148438,4896202,0.0,0.0
2023-09-22,894.0428515560409,898.3282219506243,880.261351465072,887.6634521484375,6112928,0.0,0.0
2023-09-25,888.2478810329368,889.562697868085,878.5570068452753,886.6895751953125,5278045,0.0,0.0
2023-09-26,886.2998725998963,896.9647016373239,884.3519607919844,888.9295654296875,5355047,0.0,0.0
2023-09-27,891.1210043615408,897.0621118517843,883.8163347691661,896.282958984375,4713145,0.0,0.0
2023-09-28,901.8832192063088,907.7269549679048,894.6759213221188,901.5423583984375,7386917,0.0,0.0
2023-09-29,907.726956758464,912.0123867703094,897.7925940550438,902.2728271484375,5608557,0.0,0.0
2023-10-03,894.3350991235884,904.0746591467149,892.1923840293892,901.2014770507812,4338272,0.0,0.0
2023-10-04,894.3837222764186,901.8345089495174,894.3837222764186,900.1787719726562,5603669,0.0,0.0
2023-10-05,900.9579757130341,905.3894635737631,895.4551600426539,904.6589965820312,7063132,0.0,0.0
2023-10-06,904.999869749464,904.999869749464,900.2274618736151,901.931884765625,2420855,0.0,0.0
2023-10-09,894.0915477843786,903.8797930360447,892.6792997903798,900.470947265625,2248103,0.0,0.0
2023-10-10,900.4709827828386,929.2026839810675,897.062136877964,923.651123046875,7897875,0.0,0.0
2023-10-11,923.7972168197974,931.8810393003275,923.3102388457227,930.7122802734375,5645289,0.0,0.0
2023-10-12,930.7123290543776,931.8810881425253,922.3363312395065,925.5990600585938,5544735,0.0,0.0
2023-10-13,921.6545398322344,931.0532388974809,921.6545398322344,929.3488159179688,4421671,0.0,0.0
2023-10-16,933.0010703046979,933.7802231389371,919.2682563883359,921.89794921875,1881721,0.0,0.0
2023-10-17,921.8980480582716,935.2412572653051,921.3623841426489,928.8131713867188,3863410,0.0,0.0
2023-10-18,928.1800527226927,933.9264168063335,925.8912799385872,928.033935546875,2334392,0.0,0.0
2023-10-19,921.1675353766442,926.5242931583757,916.8334194641325,918.3917846679688,4306963,0.0,0.0
2023-10-20,913.3758324343072,922.8232165668991,912.5966796023055,920.5831298828125,3125104,0.0,0.0
2023-10-23,917.0769399238259,924.3816098768477,912.5967661308616,914.8368530273438,2180066,0.0,0.0
2023-10-25,900.5196281665751,915.1777124543269,895.0654987424481,898.5717163085938,6365249,0.0,0.0
2023-10-26,897.6465887796198,900.5197114795118,876.6091030997748,881.9171752929688,6595332,0.0,0.0
2023-10-27,887.0303836933224,894.481170507782,882.8423849869006,890.7800903320312,3508393,0.0,0.0
2023-10-30,890.9748410598187,907.6782084410931,886.6407254369716,902.1266479492188,3686768,0.0,0.0
2023-10-31,896.3316314744178,899.4969882503947,888.6374152862979,890.5853271484375,5697563,0.0,0.0
2023-11-01,879.482243410298,890.7314230066676,872.1288877050039,889.6600952148438,4821458,0.0,0.0
2023-11-02,896.0394779246104,901.8345277416032,892.5332602674748,899.7891845703125,6611573,0.0,0.0
2023-11-03,900.9092746420058,909.3827034926146,898.1822098078761,906.509521484375,3895154,0.0,0.0
2023-11-06,909.8696611637691,916.2003748442286,905.7790342811307,914.7394409179688,2760800,0.0,0.0
2023-11-07,911.6714716549412,914.4959677394264,908.165253949526,912.7428588867188,3616946,0.0,0.0
2023-11-08,917.2717373331833,917.2717373331833,910.0644986914863,912.353271484375,1808553,0.0,0.0
2023-11-09,912.3532400350048,912.8889039206678,906.3147012302634,908.0678100585938,3914416,0.0,0.0
2023-11-10,904.805150075369,912.5967982999148,904.805150075369,911.1358642578125,1345614,0.0,0.0
2023-11-13,913.570671530331,915.8107583027553,909.4800446940695,910.6488037109375,1656368,0.0,0.0
2023-11-15,923.3102058490954,927.8878105309175,911.8175379607591,925.2581176757812,4816316,0.0,0.0
2023-11-16,924.2842213561406,929.056629417445,918.68397449334,924.8198852539062,5310736,0.0,0.0
2023-11-17,924.0894740915193,929.154057362481,921.3624090827118,922.6285400390625,3249469,0.0,0.0
2023-11-20,924.2841896221446,939.1857036563414,917.4178121152213,936.3612670898438,4646962,0.0,0.0
2023-11-21,941.8154178260005,950.9218823173476,935.9716820380419,945.5651245117188,5704644,0.0,0.0
2023-11-22,948.9252620594546,950.8731739427525,940.7927537249071,944.4937744140625,3309732,0.0,0.0
2023-11-23,944.7373410408093,955.4508572794164,938.601429993264,951.2141723632812,2749555,0.0,0.0
2023-11-24,949.6070926594117,951.7011218214473,945.711268689527,947.8052978515625,2322104,0.0,0.0
2023-11-28,948.6818095377297,962.2685073350635,945.9060587755622,959.249267578125,5096984,0.0,0.0
2023-11-29,969.9627470142691,980.8710060149546,965.1416532092849,969.4757690429688,5647918,0.0,0.0
2023-11-30,969.0861878712252,991.6819782112029,966.8461010346036,988.2731323242188,9934052,0.0,0.0
2023-12-01,988.5653072254207,995.9186628925186,981.9424185341052,988.2731323242188,5544950,0.0,0.0
2023-12-04,1009.0183852375408,1016.8100329999928,998.4996132017866,1005.9991455078125,5164902,0.0,0.0
2023-12-05,1011.7454424534967,1018.7091320667549,995.480307492747,1004.2459106445312,4266159,0.0,0.0
2023-12-06,1002.2980228524142,1008.0443866122897,987.0556482294245,997.7691040039062,4121251,0.0,0.0
2023-12-07,988.5652716064453,993.1428763788566,972.0080207519532,973.9559326171875,13805235,0.0,0.0
2023-12-08,972.6898430201954,977.8517977927394,965.4825450351345,974.199462890625,6630766,0.0,0.0
2023-12-11,970.1575225968501,978.4361483815986,966.213012788522,974.7838134765625,6195119,0.0,0.0
2023-12-12,973.2254746453123,974.7837803736535,961.2945143606937,969.3296508789062,7119331,0.0,0.0
2023-12-13,967.3331253925245,975.9039264301448,965.6773882789307,973.858642578125,4153219,0.0,0.0
2023-12-14,979.7997217472108,984.8643047626496,973.1281470224825,979.0205688476562,6541673,0.0,0.0
2023-12-15,973.6151354478703,984.5233950496307,962.5120133121887,966.7000122070312,10119597,0.0,0.0
2023-12-18,969.086190762769,972.7872115619983,956.5708803185773,964.4598999023438,5750263,0.0,0.0
2023-12-19,969.5244788758192,971.9593687924065,960.2232112835669,962.706787109375,3912964,0.0,0.0
2023-12-20,967.0409446926037,967.7714116990352,943.763372309432,946.2469482421875,3990591,0.0,0.0
2023-12-21,942.7893915795579,955.9864832605945,934.997743715264,952.4315795898438,4294277,0.0,0.0
2023-12-22,956.3273489938053,972.9332856686277,950.1426931868274,963.778076171875,4605120,0.0,0.0
2023-12-26,969.0861519629838,976.3908214501419,963.8755115070319,973.809814453125,2460643,0.0,0.0
2023-12-27,973.95594292173,997.3796309054401,972.0080310358865,994.6038208007812,4791379,0.0,0.0
2023-12-28,997.2335688535736,1014.8134032602967,995.5778317699823,1009.7001342773438,5288328,0.0,0.0
2023-12-29,1006.2426512992488,1016.0795829853465,997.7205364167932,1005.3173217773438,4631749,0.0,0.0
